Employee ID,Roll No,Name,Department,Time,Date,Attendance
E0001,101,Kavita Joshi,Admin,09:20 AM,2025-06-06,Late
E0002,102,Priya Desai,Finance,08:02 AM,2025-06-02,Present
E0003,103,Neha Singh,Sales,08:15 AM,2025-06-03,Absent
E0004,104,Sneha Patil,Admin,08:10 AM,2025-06-04,Present
E0005,105,Divya Sinha,Finance,08:40 AM,2025-06-04,Absent
E0006,106,Manoj Verma,Marketing,08:58 AM,2025-06-06,Absent
E0007,107,Priya Desai,Admin,08:29 AM,2025-06-06,Late
E0008,108,Ravi Kumar,Finance,08:27 AM,2025-06-03,Absent
E0009,109,Vikram Rana,Finance,08:14 AM,2025-06-03,Absent
E0010,110,Rahul Jain,Admin,09:07 AM,2025-06-04,Late
E0011,111,Kavita Joshi,HR,08:43 AM,2025-06-02,Late
E0012,112,Kavita Joshi,IT,08:22 AM,2025-06-05,Late
E0013,113,Divya Sinha,Finance,08:52 AM,2025-06-03,Late
E0014,114,Kavita Joshi,Finance,08:05 AM,2025-06-02,Late
E0015,115,Rahul Jain,Marketing,08:24 AM,2025-06-06,Late
E0016,116,Pooja Mehta,IT,08:27 AM,2025-06-03,Absent
E0017,117,Kavita Joshi,Finance,09:08 AM,2025-06-02,Absent
E0018,118,Neha Singh,IT,08:18 AM,2025-06-01,Present
E0019,119,Anil Yadav,Sales,08:40 AM,2025-06-02,Absent
E0020,120,Sneha Patil,Sales,08:44 AM,2025-06-05,Late
E0021,121,Neha Singh,Finance,08:14 AM,2025-06-04,Present
E0022,122,Ravi Kumar,Marketing,08:59 AM,2025-06-02,Late
E0023,123,Sameer Khan,Marketing,08:42 AM,2025-06-01,Late
E0024,124,Divya Sinha,Admin,08:17 AM,2025-06-01,Absent
E0025,125,Rahul Jain,Finance,08:01 AM,2025-06-03,Late
E0026,126,Priya Desai,HR,08:55 AM,2025-06-06,Present
E0027,127,Priya Desai,Admin,09:30 AM,2025-06-05,Present
E0028,128,Ravi Kumar,IT,08:06 AM,2025-06-01,Present
E0029,129,Divya Sinha,Sales,08:48 AM,2025-06-04,Absent
E0030,130,Vikram Rana,Sales,09:27 AM,2025-06-01,Present
E0031,131,Rahul Jain,Finance,08:45 AM,2025-06-03,Late
E0032,132,Priya Desai,IT,08:06 AM,2025-06-02,Late
E0033,133,Rahul Jain,HR,08:28 AM,2025-06-01,Late
E0034,134,Sameer Khan,IT,09:08 AM,2025-06-04,Absent
E0035,135,Suresh Menon,Marketing,08:25 AM,2025-06-05,Absent
E0036,136,Anil Yadav,IT,08:49 AM,2025-06-03,Late
E0037,137,Amit Sharma,Admin,09:26 AM,2025-06-04,Late
E0038,138,Suresh Menon,Finance,09:27 AM,2025-06-01,Absent
E0039,139,Suresh Menon,IT,09:07 AM,2025-06-02,Present
E0040,140,Tanvi Kapoor,Sales,08:19 AM,2025-06-05,Absent
E0041,141,Sneha Patil,Marketing,08:29 AM,2025-06-04,Absent
E0042,142,Suresh Menon,Sales,08:58 AM,2025-06-04,Late
E0043,143,Rahul Jain,Admin,09:30 AM,2025-06-02,Absent
E0044,144,Divya Sinha,Admin,09:30 AM,2025-06-05,Absent
E0045,145,Amit Sharma,Finance,09:21 AM,2025-06-03,Late
E0046,146,Ravi Kumar,Marketing,09:30 AM,2025-06-01,Late
E0047,147,Rahul Jain,Admin,08:54 AM,2025-06-05,Present
E0048,148,Anil Yadav,Marketing,08:58 AM,2025-06-06,Absent
E0049,149,Kavita Joshi,Finance,08:38 AM,2025-06-04,Late
E0050,150,Sameer Khan,Marketing,08:51 AM,2025-06-06,Late
E0051,151,Manoj Verma,HR,09:21 AM,2025-06-06,Late
E0052,152,Kavita Joshi,Finance,08:20 AM,2025-06-06,Late
E0053,153,Pooja Mehta,Marketing,09:26 AM,2025-06-05,Present
E0054,154,Tanvi Kapoor,IT,09:13 AM,2025-06-02,Present
E0055,155,Pooja Mehta,Finance,08:02 AM,2025-06-03,Absent
E0056,156,Tanvi Kapoor,HR,08:56 AM,2025-06-03,Late
E0057,157,Kavita Joshi,Marketing,08:30 AM,2025-06-04,Late
E0058,158,Pooja Mehta,Sales,09:13 AM,2025-06-02,Late
E0059,159,Anil Yadav,Sales,09:22 AM,2025-06-03,Present
E0060,160,Ravi Kumar,Admin,08:41 AM,2025-06-06,Absent
E0061,161,Sameer Khan,Marketing,08:37 AM,2025-06-05,Absent
E0062,162,Ravi Kumar,IT,08:48 AM,2025-06-03,Present
E0063,163,Sameer Khan,Admin,08:52 AM,2025-06-04,Absent
E0064,164,Priya Desai,HR,08:39 AM,2025-06-01,Late
E0065,165,Tanvi Kapoor,HR,08:51 AM,2025-06-04,Late
E0066,166,Vikram Rana,Finance,08:05 AM,2025-06-04,Absent
E0067,167,Kavita Joshi,Finance,08:06 AM,2025-06-01,Absent
E0068,168,Rahul Jain,Sales,08:53 AM,2025-06-03,Present
E0069,169,Sneha Patil,IT,08:44 AM,2025-06-01,Present
E0070,170,Priya Desai,Marketing,08:16 AM,2025-06-03,Present
E0071,171,Anil Yadav,Admin,08:52 AM,2025-06-06,Present
E0072,172,Tanvi Kapoor,Marketing,08:14 AM,2025-06-06,Absent
E0073,173,Vikram Rana,Sales,09:20 AM,2025-06-05,Absent
E0074,174,Pooja Mehta,Admin,08:28 AM,2025-06-03,Late
E0075,175,Manoj Verma,IT,09:18 AM,2025-06-02,Late
E0076,176,Manoj Verma,IT,08:46 AM,2025-06-05,Present
E0077,177,Priya Desai,Finance,08:11 AM,2025-06-05,Present
E0078,178,Suresh Menon,Marketing,09:10 AM,2025-06-06,Late
E0079,179,Anil Yadav,Sales,08:19 AM,2025-06-01,Present
E0080,180,Divya Sinha,Sales,08:30 AM,2025-06-06,Present
E0081,181,Sameer Khan,Admin,08:14 AM,2025-06-03,Present
E0082,182,Vikram Rana,IT,08:45 AM,2025-06-05,Absent
E0083,183,Anil Yadav,HR,08:19 AM,2025-06-03,Absent
E0084,184,Sneha Patil,HR,08:36 AM,2025-06-03,Late
E0085,185,Anil Yadav,Sales,08:35 AM,2025-06-01,Absent
E0086,186,Anil Yadav,Admin,08:33 AM,2025-06-05,Absent
E0087,187,Neha Singh,Sales,08:50 AM,2025-06-02,Present
E0088,188,Ravi Kumar,IT,08:50 AM,2025-06-05,Late
E0089,189,Rahul Jain,Sales,08:00 AM,2025-06-05,Late
E0090,190,Priya Desai,IT,09:21 AM,2025-06-06,Late
E0091,191,Ravi Kumar,Sales,08:32 AM,2025-06-06,Absent
E0092,192,Sameer Khan,Sales,08:12 AM,2025-06-01,Present
E0093,193,Sneha Patil,Admin,09:02 AM,2025-06-06,Late
E0094,194,Neha Singh,HR,09:26 AM,2025-06-01,Late
E0095,195,Rahul Jain,Admin,08:20 AM,2025-06-05,Late
E0096,196,Sameer Khan,HR,09:03 AM,2025-06-01,Absent
E0097,197,Sneha Patil,Admin,08:03 AM,2025-06-04,Late
E0098,198,Manoj Verma,Marketing,08:01 AM,2025-06-03,Present
E0099,199,Neha Singh,IT,09:23 AM,2025-06-05,Present
E0100,200,Suresh Menon,Marketing,09:08 AM,2025-06-02,Absent
E0101,201,Suresh Menon,Admin,09:10 AM,2025-06-02,Late
E0102,202,Amit Sharma,Marketing,09:30 AM,2025-06-04,Present
E0103,203,Divya Sinha,Finance,09:21 AM,2025-06-05,Absent
E0104,204,Ravi Kumar,Admin,08:24 AM,2025-06-04,Present
E0105,205,Divya Sinha,Marketing,09:30 AM,2025-06-06,Absent
E0106,206,Ravi Kumar,Marketing,08:51 AM,2025-06-03,Late
E0107,207,Priya Desai,HR,09:18 AM,2025-06-01,Late
E0108,208,Divya Sinha,Admin,08:08 AM,2025-06-01,Absent
E0109,209,Manoj Verma,Admin,08:07 AM,2025-06-05,Present
E0110,210,Tanvi Kapoor,HR,09:26 AM,2025-06-02,Present
E0111,211,Rahul Jain,HR,09:28 AM,2025-06-06,Present
E0112,212,Tanvi Kapoor,Sales,08:40 AM,2025-06-04,Absent
E0113,213,Tanvi Kapoor,Finance,09:05 AM,2025-06-04,Present
E0114,214,Neha Singh,Finance,08:47 AM,2025-06-03,Absent
E0115,215,Vikram Rana,Marketing,09:24 AM,2025-06-03,Late
E0116,216,Amit Sharma,HR,08:18 AM,2025-06-02,Present
E0117,217,Anil Yadav,IT,09:24 AM,2025-06-05,Late
E0118,218,Rahul Jain,Marketing,08:52 AM,2025-06-01,Absent
E0119,219,Manoj Verma,Finance,09:27 AM,2025-06-06,Present
E0120,220,Manoj Verma,Marketing,08:43 AM,2025-06-06,Present
E0121,221,Manoj Verma,Finance,08:20 AM,2025-06-02,Present
E0122,222,Manoj Verma,HR,09:16 AM,2025-06-01,Present
E0123,223,Anil Yadav,Finance,08:59 AM,2025-06-06,Absent
E0124,224,Divya Sinha,Marketing,09:11 AM,2025-06-02,Absent
E0125,225,Manoj Verma,Admin,09:28 AM,2025-06-03,Present
E0126,226,Sameer Khan,IT,08:15 AM,2025-06-03,Present
E0127,227,Sameer Khan,Sales,08:00 AM,2025-06-01,Late
E0128,228,Anil Yadav,Finance,08:55 AM,2025-06-04,Present
E0129,229,Sameer Khan,IT,08:45 AM,2025-06-05,Late
E0130,230,Pooja Mehta,Marketing,08:20 AM,2025-06-02,Late
E0131,231,Ravi Kumar,HR,09:15 AM,2025-06-06,Late
E0132,232,Ravi Kumar,HR,08:25 AM,2025-06-06,Late
E0133,233,Tanvi Kapoor,HR,08:19 AM,2025-06-02,Absent
E0134,234,Manoj Verma,Marketing,08:48 AM,2025-06-05,Absent
E0135,235,Amit Sharma,Admin,08:39 AM,2025-06-02,Absent
E0136,236,Amit Sharma,IT,09:12 AM,2025-06-03,Late
E0137,237,Ravi Kumar,HR,09:25 AM,2025-06-02,Late
E0138,238,Tanvi Kapoor,Marketing,09:16 AM,2025-06-04,Late
E0139,239,Vikram Rana,IT,09:12 AM,2025-06-05,Late
E0140,240,Vikram Rana,IT,08:51 AM,2025-06-04,Absent
E0141,241,Kavita Joshi,Marketing,09:11 AM,2025-06-01,Present
E0142,242,Ravi Kumar,Finance,08:14 AM,2025-06-06,Present
E0143,243,Manoj Verma,Admin,08:56 AM,2025-06-04,Absent
E0144,244,Tanvi Kapoor,Sales,08:48 AM,2025-06-03,Absent
E0145,245,Pooja Mehta,Marketing,08:53 AM,2025-06-01,Present
E0146,246,Sameer Khan,HR,08:34 AM,2025-06-01,Absent
E0147,247,Neha Singh,Finance,08:09 AM,2025-06-04,Late
E0148,248,Manoj Verma,HR,08:47 AM,2025-06-05,Absent
E0149,249,Divya Sinha,IT,08:24 AM,2025-06-02,Present
E0150,250,Tanvi Kapoor,HR,08:13 AM,2025-06-05,Present
E0151,251,Amit Sharma,Sales,09:30 AM,2025-06-06,Present
E0152,252,Kavita Joshi,HR,08:27 AM,2025-06-03,Absent
E0153,253,Sameer Khan,Sales,08:41 AM,2025-06-02,Absent
E0154,254,Neha Singh,Sales,08:57 AM,2025-06-06,Late
E0155,255,Divya Sinha,Marketing,08:32 AM,2025-06-04,Absent
E0156,256,Sneha Patil,Finance,09:23 AM,2025-06-03,Absent
E0157,257,Priya Desai,IT,09:00 AM,2025-06-06,Absent
E0158,258,Amit Sharma,Admin,08:35 AM,2025-06-04,Present
E0159,259,Manoj Verma,Sales,09:02 AM,2025-06-02,Absent
E0160,260,Tanvi Kapoor,Sales,08:15 AM,2025-06-02,Absent
E0161,261,Amit Sharma,Sales,09:28 AM,2025-06-05,Absent
E0162,262,Ravi Kumar,IT,08:23 AM,2025-06-02,Absent
E0163,263,Sameer Khan,HR,08:03 AM,2025-06-01,Absent
E0164,264,Anil Yadav,IT,08:11 AM,2025-06-05,Absent
E0165,265,Rahul Jain,HR,08:05 AM,2025-06-04,Present
E0166,266,Amit Sharma,Sales,08:54 AM,2025-06-04,Absent
E0167,267,Pooja Mehta,IT,09:15 AM,2025-06-06,Present
E0168,268,Sameer Khan,Finance,08:31 AM,2025-06-01,Late
E0169,269,Ravi Kumar,Marketing,08:05 AM,2025-06-01,Absent
E0170,270,Rahul Jain,IT,09:03 AM,2025-06-04,Late
E0171,271,Vikram Rana,IT,08:27 AM,2025-06-03,Absent
E0172,272,Suresh Menon,Finance,08:41 AM,2025-06-04,Absent
E0173,273,Sameer Khan,Finance,08:17 AM,2025-06-02,Late
E0174,274,Tanvi Kapoor,IT,08:25 AM,2025-06-02,Absent
E0175,275,Kavita Joshi,IT,08:47 AM,2025-06-05,Late
E0176,276,Manoj Verma,Admin,08:20 AM,2025-06-03,Late
E0177,277,Kavita Joshi,Admin,08:18 AM,2025-06-03,Late
E0178,278,Rahul Jain,IT,08:13 AM,2025-06-06,Absent
E0179,279,Pooja Mehta,Finance,09:12 AM,2025-06-02,Present
E0180,280,Ravi Kumar,Finance,08:43 AM,2025-06-01,Late
E0181,281,Rahul Jain,IT,08:17 AM,2025-06-02,Absent
E0182,282,Pooja Mehta,Marketing,09:18 AM,2025-06-02,Present
E0183,283,Vikram Rana,Sales,08:29 AM,2025-06-05,Late
E0184,284,Rahul Jain,IT,08:54 AM,2025-06-06,Absent
E0185,285,Neha Singh,HR,09:09 AM,2025-06-04,Late
E0186,286,Sneha Patil,HR,08:24 AM,2025-06-02,Present
E0187,287,Manoj Verma,Marketing,09:27 AM,2025-06-02,Late
E0188,288,Ravi Kumar,IT,08:23 AM,2025-06-03,Absent
E0189,289,Pooja Mehta,HR,09:21 AM,2025-06-05,Late
E0190,290,Amit Sharma,Sales,08:08 AM,2025-06-06,Absent
E0191,291,Kavita Joshi,Admin,09:23 AM,2025-06-06,Late
E0192,292,Priya Desai,Finance,08:14 AM,2025-06-01,Present
E0193,293,Divya Sinha,Admin,08:53 AM,2025-06-04,Present
E0194,294,Sameer Khan,Sales,09:19 AM,2025-06-01,Late
E0195,295,Rahul Jain,Finance,08:22 AM,2025-06-02,Present
E0196,296,Amit Sharma,Marketing,08:04 AM,2025-06-01,Absent
E0197,297,Kavita Joshi,Finance,08:57 AM,2025-06-01,Late
E0198,298,Ravi Kumar,IT,08:54 AM,2025-06-01,Present
E0199,299,Divya Sinha,Finance,09:05 AM,2025-06-01,Late
E0200,300,Neha Singh,Sales,08:10 AM,2025-06-04,Absent
E0201,301,Anil Yadav,Sales,09:29 AM,2025-06-03,Absent
E0202,302,Amit Sharma,Sales,08:13 AM,2025-06-04,Present
E0203,303,Tanvi Kapoor,Marketing,08:24 AM,2025-06-05,Present
E0204,304,Vikram Rana,HR,08:59 AM,2025-06-06,Late
E0205,305,Divya Sinha,IT,08:13 AM,2025-06-02,Late
E0206,306,Neha Singh,Admin,08:58 AM,2025-06-05,Present
E0207,307,Anil Yadav,HR,09:22 AM,2025-06-01,Absent
E0208,308,Divya Sinha,HR,08:50 AM,2025-06-02,Absent
E0209,309,Sameer Khan,HR,08:02 AM,2025-06-03,Late
E0210,310,Vikram Rana,Admin,09:29 AM,2025-06-02,Late
E0211,311,Manoj Verma,Admin,08:39 AM,2025-06-03,Absent
E0212,312,Pooja Mehta,Finance,08:28 AM,2025-06-01,Present
E0213,313,Vikram Rana,Admin,08:36 AM,2025-06-04,Late
E0214,314,Amit Sharma,Finance,08:45 AM,2025-06-06,Present
E0215,315,Sneha Patil,IT,09:19 AM,2025-06-01,Late
E0216,316,Sneha Patil,Admin,08:52 AM,2025-06-04,Present
E0217,317,Sneha Patil,Finance,08:47 AM,2025-06-01,Present
E0218,318,Vikram Rana,Sales,08:14 AM,2025-06-02,Absent
E0219,319,Kavita Joshi,HR,08:24 AM,2025-06-03,Present
E0220,320,Pooja Mehta,HR,09:28 AM,2025-06-03,Present
E0221,321,Sameer Khan,IT,08:12 AM,2025-06-01,Late
E0222,322,Amit Sharma,Marketing,08:38 AM,2025-06-04,Absent
E0223,323,Ravi Kumar,Marketing,08:13 AM,2025-06-05,Present
E0224,324,Sameer Khan,Finance,08:05 AM,2025-06-02,Present
E0225,325,Sameer Khan,Finance,08:50 AM,2025-06-06,Present
E0226,326,Amit Sharma,HR,09:03 AM,2025-06-03,Absent
E0227,327,Priya Desai,HR,08:55 AM,2025-06-06,Absent
E0228,328,Ravi Kumar,Marketing,08:04 AM,2025-06-04,Absent
E0229,329,Divya Sinha,Sales,09:11 AM,2025-06-01,Present
E0230,330,Priya Desai,HR,08:45 AM,2025-06-06,Absent
E0231,331,Vikram Rana,IT,08:53 AM,2025-06-01,Late
E0232,332,Manoj Verma,HR,09:07 AM,2025-06-03,Late
E0233,333,Neha Singh,Marketing,08:44 AM,2025-06-03,Late
E0234,334,Priya Desai,Sales,08:07 AM,2025-06-05,Present
E0235,335,Divya Sinha,Finance,08:38 AM,2025-06-03,Late
E0236,336,Amit Sharma,Finance,08:17 AM,2025-06-02,Late
E0237,337,Amit Sharma,HR,09:24 AM,2025-06-03,Present
E0238,338,Manoj Verma,Finance,08:49 AM,2025-06-01,Absent
E0239,339,Anil Yadav,Admin,08:12 AM,2025-06-02,Absent
E0240,340,Amit Sharma,Sales,09:01 AM,2025-06-01,Absent
E0241,341,Tanvi Kapoor,Admin,08:23 AM,2025-06-01,Present
E0242,342,Divya Sinha,IT,08:36 AM,2025-06-06,Absent
E0243,343,Divya Sinha,HR,08:54 AM,2025-06-01,Absent
E0244,344,Sameer Khan,Admin,09:03 AM,2025-06-06,Present
E0245,345,Kavita Joshi,IT,09:02 AM,2025-06-01,Late
E0246,346,Divya Sinha,IT,08:06 AM,2025-06-02,Present
E0247,347,Rahul Jain,IT,08:21 AM,2025-06-01,Absent
E0248,348,Neha Singh,Sales,08:09 AM,2025-06-05,Present
E0249,349,Amit Sharma,HR,09:05 AM,2025-06-02,Late
E0250,350,Ravi Kumar,HR,08:01 AM,2025-06-04,Present
E0251,351,Rahul Jain,HR,08:32 AM,2025-06-02,Late
E0252,352,Ravi Kumar,Finance,09:30 AM,2025-06-03,Present
E0253,353,Neha Singh,Sales,08:16 AM,2025-06-02,Late
E0254,354,Tanvi Kapoor,Finance,09:07 AM,2025-06-02,Absent
E0255,355,Kavita Joshi,IT,09:18 AM,2025-06-04,Late
E0256,356,Anil Yadav,IT,08:48 AM,2025-06-01,Present
E0257,357,Divya Sinha,HR,09:24 AM,2025-06-03,Late
E0258,358,Neha Singh,Marketing,08:41 AM,2025-06-02,Present
E0259,359,Rahul Jain,IT,09:27 AM,2025-06-01,Late
E0260,360,Anil Yadav,Admin,08:23 AM,2025-06-04,Present
E0261,361,Divya Sinha,IT,08:16 AM,2025-06-01,Absent
E0262,362,Sneha Patil,Admin,08:31 AM,2025-06-03,Late
E0263,363,Ravi Kumar,Admin,08:22 AM,2025-06-04,Late
E0264,364,Rahul Jain,Marketing,08:56 AM,2025-06-06,Late
E0265,365,Vikram Rana,Admin,08:26 AM,2025-06-01,Late
E0266,366,Sneha Patil,Sales,08:25 AM,2025-06-05,Absent
E0267,367,Priya Desai,Finance,08:33 AM,2025-06-02,Late
E0268,368,Pooja Mehta,IT,08:18 AM,2025-06-05,Absent
E0269,369,Tanvi Kapoor,Marketing,08:56 AM,2025-06-02,Absent
E0270,370,Neha Singh,Finance,08:55 AM,2025-06-03,Late
E0271,371,Anil Yadav,Admin,09:14 AM,2025-06-05,Present
E0272,372,Vikram Rana,IT,08:37 AM,2025-06-02,Late
E0273,373,Amit Sharma,IT,08:54 AM,2025-06-01,Late
E0274,374,Pooja Mehta,Sales,09:09 AM,2025-06-05,Late
E0275,375,Suresh Menon,Sales,09:17 AM,2025-06-03,Present
E0276,376,Anil Yadav,HR,08:33 AM,2025-06-02,Late
E0277,377,Pooja Mehta,Sales,08:03 AM,2025-06-05,Present
E0278,378,Priya Desai,HR,08:11 AM,2025-06-02,Present
E0279,379,Suresh Menon,IT,08:27 AM,2025-06-01,Absent
E0280,380,Ravi Kumar,Sales,08:32 AM,2025-06-02,Present
E0281,381,Neha Singh,HR,08:09 AM,2025-06-02,Late
E0282,382,Tanvi Kapoor,Marketing,09:26 AM,2025-06-01,Late
E0283,383,Amit Sharma,IT,09:13 AM,2025-06-02,Late
E0284,384,Pooja Mehta,Marketing,08:54 AM,2025-06-02,Present
E0285,385,Anil Yadav,IT,08:07 AM,2025-06-03,Late
E0286,386,Sameer Khan,Marketing,09:11 AM,2025-06-05,Late
E0287,387,Pooja Mehta,Marketing,08:11 AM,2025-06-05,Absent
E0288,388,Priya Desai,Finance,08:47 AM,2025-06-05,Present
E0289,389,Manoj Verma,Sales,08:26 AM,2025-06-02,Absent
E0290,390,Priya Desai,Finance,09:18 AM,2025-06-05,Late
E0291,391,Pooja Mehta,Marketing,09:00 AM,2025-06-06,Absent
E0292,392,Priya Desai,Sales,08:12 AM,2025-06-02,Absent
E0293,393,Ravi Kumar,HR,08:13 AM,2025-06-05,Present
E0294,394,Vikram Rana,Sales,08:57 AM,2025-06-05,Absent
E0295,395,Manoj Verma,Sales,08:18 AM,2025-06-05,Absent
E0296,396,Neha Singh,HR,08:27 AM,2025-06-03,Absent
E0297,397,Ravi Kumar,Sales,08:07 AM,2025-06-04,Late
E0298,398,Manoj Verma,Admin,08:14 AM,2025-06-06,Late
E0299,399,Amit Sharma,Marketing,08:24 AM,2025-06-04,Present
E0300,400,Ravi Kumar,Finance,09:26 AM,2025-06-05,Present
E0301,401,Priya Desai,Sales,08:55 AM,2025-06-02,Late
E0302,402,Ravi Kumar,Sales,08:31 AM,2025-06-01,Absent
E0303,403,Sneha Patil,Sales,08:02 AM,2025-06-03,Late
E0304,404,Kavita Joshi,Admin,08:29 AM,2025-06-04,Present
E0305,405,Neha Singh,Sales,08:49 AM,2025-06-01,Present
E0306,406,Pooja Mehta,Admin,08:34 AM,2025-06-04,Late
E0307,407,Sameer Khan,Finance,08:13 AM,2025-06-02,Absent
E0308,408,Tanvi Kapoor,IT,08:54 AM,2025-06-02,Absent
E0309,409,Manoj Verma,Finance,08:01 AM,2025-06-02,Present
E0310,410,Sameer Khan,Sales,08:54 AM,2025-06-02,Late
E0311,411,Ravi Kumar,Finance,08:08 AM,2025-06-04,Absent
E0312,412,Kavita Joshi,Finance,08:35 AM,2025-06-05,Late
E0313,413,Anil Yadav,Finance,08:27 AM,2025-06-02,Absent
E0314,414,Sameer Khan,Sales,09:27 AM,2025-06-02,Late
E0315,415,Kavita Joshi,Marketing,08:22 AM,2025-06-06,Present
E0316,416,Anil Yadav,HR,09:08 AM,2025-06-01,Present
E0317,417,Tanvi Kapoor,Marketing,08:02 AM,2025-06-03,Late
E0318,418,Suresh Menon,Admin,09:08 AM,2025-06-03,Present
E0319,419,Suresh Menon,Finance,09:27 AM,2025-06-05,Late
E0320,420,Neha Singh,Marketing,09:00 AM,2025-06-01,Absent
E0321,421,Pooja Mehta,Marketing,08:57 AM,2025-06-03,Present
E0322,422,Kavita Joshi,HR,08:41 AM,2025-06-06,Late
E0323,423,Amit Sharma,HR,08:27 AM,2025-06-03,Absent
E0324,424,Pooja Mehta,HR,09:22 AM,2025-06-02,Absent
E0325,425,Rahul Jain,Sales,08:25 AM,2025-06-05,Present
E0326,426,Vikram Rana,IT,08:02 AM,2025-06-02,Absent
E0327,427,Manoj Verma,Admin,08:29 AM,2025-06-04,Present
E0328,428,Pooja Mehta,Finance,09:22 AM,2025-06-02,Present
E0329,429,Rahul Jain,Marketing,08:00 AM,2025-06-04,Present
E0330,430,Priya Desai,Sales,09:19 AM,2025-06-04,Late
E0331,431,Amit Sharma,Finance,09:16 AM,2025-06-01,Present
E0332,432,Suresh Menon,Finance,09:06 AM,2025-06-06,Late
E0333,433,Ravi Kumar,Sales,09:29 AM,2025-06-05,Absent
E0334,434,Kavita Joshi,IT,09:20 AM,2025-06-06,Absent
E0335,435,Priya Desai,Sales,09:03 AM,2025-06-03,Present
E0336,436,Tanvi Kapoor,Finance,08:59 AM,2025-06-06,Late
E0337,437,Manoj Verma,Sales,09:17 AM,2025-06-05,Late
E0338,438,Sameer Khan,IT,08:14 AM,2025-06-04,Late
E0339,439,Sneha Patil,HR,08:33 AM,2025-06-02,Late
E0340,440,Amit Sharma,Finance,09:07 AM,2025-06-04,Late
E0341,441,Neha Singh,HR,08:39 AM,2025-06-02,Late
E0342,442,Divya Sinha,Finance,09:06 AM,2025-06-02,Late
E0343,443,Anil Yadav,Finance,08:20 AM,2025-06-03,Late
E0344,444,Ravi Kumar,Marketing,08:17 AM,2025-06-01,Late
E0345,445,Suresh Menon,Finance,08:11 AM,2025-06-04,Absent
E0346,446,Manoj Verma,IT,08:12 AM,2025-06-03,Absent
E0347,447,Suresh Menon,Admin,09:15 AM,2025-06-01,Absent
E0348,448,Priya Desai,IT,08:15 AM,2025-06-05,Late
E0349,449,Sneha Patil,Sales,09:04 AM,2025-06-04,Late
E0350,450,Pooja Mehta,Finance,09:23 AM,2025-06-01,Present
E0351,451,Manoj Verma,Marketing,09:18 AM,2025-06-05,Present
E0352,452,Priya Desai,Sales,09:06 AM,2025-06-05,Present
E0353,453,Rahul Jain,Admin,09:14 AM,2025-06-03,Present
E0354,454,Sneha Patil,HR,08:43 AM,2025-06-01,Late
E0355,455,Vikram Rana,Finance,09:04 AM,2025-06-02,Absent
E0356,456,Vikram Rana,Marketing,08:45 AM,2025-06-04,Present
E0357,457,Neha Singh,Sales,09:03 AM,2025-06-06,Absent
E0358,458,Manoj Verma,Marketing,09:15 AM,2025-06-05,Present
E0359,459,Sneha Patil,Marketing,08:00 AM,2025-06-03,Late
E0360,460,Anil Yadav,Finance,08:45 AM,2025-06-06,Present
E0361,461,Sameer Khan,Admin,08:19 AM,2025-06-06,Late
E0362,462,Sneha Patil,Sales,08:01 AM,2025-06-03,Present
E0363,463,Amit Sharma,Sales,08:36 AM,2025-06-04,Late
E0364,464,Ravi Kumar,Finance,08:45 AM,2025-06-06,Late
E0365,465,Manoj Verma,IT,09:00 AM,2025-06-01,Present
E0366,466,Tanvi Kapoor,HR,09:10 AM,2025-06-06,Late
E0367,467,Vikram Rana,IT,09:14 AM,2025-06-01,Absent
E0368,468,Manoj Verma,Finance,08:29 AM,2025-06-05,Absent
E0369,469,Sneha Patil,IT,09:13 AM,2025-06-04,Present
E0370,470,Ravi Kumar,IT,08:49 AM,2025-06-04,Present
E0371,471,Neha Singh,IT,08:20 AM,2025-06-06,Late
E0372,472,Pooja Mehta,HR,09:00 AM,2025-06-04,Present
E0373,473,Ravi Kumar,Admin,08:50 AM,2025-06-01,Present
E0374,474,Amit Sharma,Admin,08:15 AM,2025-06-01,Absent
E0375,475,Amit Sharma,Finance,08:57 AM,2025-06-04,Present
E0376,476,Kavita Joshi,Finance,08:23 AM,2025-06-06,Absent
E0377,477,Vikram Rana,IT,09:04 AM,2025-06-04,Late
E0378,478,Tanvi Kapoor,HR,09:01 AM,2025-06-02,Present
E0379,479,Suresh Menon,IT,09:25 AM,2025-06-01,Present
E0380,480,Vikram Rana,Admin,09:30 AM,2025-06-06,Late
E0381,481,Anil Yadav,Finance,08:01 AM,2025-06-06,Present
E0382,482,Amit Sharma,HR,08:51 AM,2025-06-05,Present
E0383,483,Priya Desai,IT,08:05 AM,2025-06-06,Present
E0384,484,Ravi Kumar,HR,08:17 AM,2025-06-02,Late
E0385,485,Priya Desai,Sales,08:02 AM,2025-06-03,Late
E0386,486,Manoj Verma,Marketing,08:15 AM,2025-06-06,Present
E0387,487,Manoj Verma,Admin,08:55 AM,2025-06-02,Present
E0388,488,Sameer Khan,IT,09:03 AM,2025-06-01,Absent
E0389,489,Vikram Rana,Admin,08:23 AM,2025-06-05,Present
E0390,490,Kavita Joshi,HR,09:11 AM,2025-06-04,Absent
E0391,491,Priya Desai,Marketing,09:05 AM,2025-06-04,Present
E0392,492,Vikram Rana,Marketing,08:43 AM,2025-06-01,Late
E0393,493,Sameer Khan,Admin,09:23 AM,2025-06-05,Absent
E0394,494,Ravi Kumar,IT,09:30 AM,2025-06-06,Absent
E0395,495,Divya Sinha,IT,08:46 AM,2025-06-02,Present
E0396,496,Sameer Khan,HR,08:44 AM,2025-06-04,Late
E0397,497,Sameer Khan,Admin,09:27 AM,2025-06-06,Late
E0398,498,Sameer Khan,IT,09:20 AM,2025-06-06,Late
E0399,499,Manoj Verma,HR,08:37 AM,2025-06-02,Absent
E0400,500,Rahul Jain,IT,08:12 AM,2025-06-02,Absent
E0401,501,Manoj Verma,IT,09:12 AM,2025-06-02,Late
E0402,502,Ravi Kumar,Sales,08:27 AM,2025-06-02,Absent
E0403,503,Manoj Verma,Marketing,08:25 AM,2025-06-04,Absent
E0404,504,Anil Yadav,Finance,08:31 AM,2025-06-06,Absent
E0405,505,Rahul Jain,HR,08:03 AM,2025-06-06,Absent
E0406,506,Vikram Rana,HR,08:53 AM,2025-06-02,Present
E0407,507,Kavita Joshi,Sales,08:09 AM,2025-06-06,Absent
E0408,508,Sneha Patil,Admin,08:50 AM,2025-06-01,Absent
E0409,509,Divya Sinha,Admin,09:30 AM,2025-06-06,Present
E0410,510,Divya Sinha,HR,08:20 AM,2025-06-01,Late
E0411,511,Pooja Mehta,IT,09:22 AM,2025-06-04,Absent
E0412,512,Sneha Patil,Finance,09:27 AM,2025-06-02,Present
E0413,513,Priya Desai,Admin,09:01 AM,2025-06-04,Absent
E0414,514,Rahul Jain,Sales,08:20 AM,2025-06-06,Present
E0415,515,Suresh Menon,Sales,09:08 AM,2025-06-05,Present
E0416,516,Rahul Jain,HR,08:00 AM,2025-06-01,Absent
E0417,517,Manoj Verma,Admin,08:09 AM,2025-06-03,Late
E0418,518,Priya Desai,Sales,08:18 AM,2025-06-04,Present
E0419,519,Amit Sharma,HR,09:10 AM,2025-06-06,Late
E0420,520,Amit Sharma,Finance,08:35 AM,2025-06-04,Absent
E0421,521,Kavita Joshi,Finance,08:47 AM,2025-06-02,Absent
E0422,522,Kavita Joshi,Sales,08:00 AM,2025-06-06,Late
E0423,523,Amit Sharma,Finance,08:40 AM,2025-06-04,Absent
E0424,524,Tanvi Kapoor,Sales,08:11 AM,2025-06-02,Absent
E0425,525,Anil Yadav,Marketing,08:46 AM,2025-06-06,Present
E0426,526,Amit Sharma,Marketing,09:11 AM,2025-06-06,Late
E0427,527,Priya Desai,Marketing,09:00 AM,2025-06-05,Absent
E0428,528,Pooja Mehta,Admin,08:13 AM,2025-06-03,Present
E0429,529,Ravi Kumar,HR,08:03 AM,2025-06-05,Late
E0430,530,Priya Desai,IT,08:08 AM,2025-06-02,Present
E0431,531,Tanvi Kapoor,Marketing,08:59 AM,2025-06-04,Late
E0432,532,Tanvi Kapoor,HR,08:09 AM,2025-06-03,Present
E0433,533,Sameer Khan,Marketing,08:27 AM,2025-06-05,Late
E0434,534,Anil Yadav,Admin,08:00 AM,2025-06-02,Absent
E0435,535,Rahul Jain,HR,09:03 AM,2025-06-01,Present
E0436,536,Priya Desai,Admin,08:25 AM,2025-06-06,Absent
E0437,537,Pooja Mehta,HR,09:29 AM,2025-06-05,Present
E0438,538,Neha Singh,Marketing,08:34 AM,2025-06-04,Late
E0439,539,Kavita Joshi,Admin,09:28 AM,2025-06-02,Late
E0440,540,Ravi Kumar,Sales,08:59 AM,2025-06-06,Late
E0441,541,Kavita Joshi,HR,08:03 AM,2025-06-05,Absent
E0442,542,Suresh Menon,Marketing,09:00 AM,2025-06-06,Late
E0443,543,Pooja Mehta,Finance,09:21 AM,2025-06-01,Present
E0444,544,Neha Singh,Admin,08:54 AM,2025-06-06,Late
E0445,545,Tanvi Kapoor,HR,09:09 AM,2025-06-04,Absent
E0446,546,Amit Sharma,Admin,09:24 AM,2025-06-03,Present
E0447,547,Amit Sharma,IT,08:12 AM,2025-06-03,Late
E0448,548,Priya Desai,Marketing,08:59 AM,2025-06-03,Absent
E0449,549,Ravi Kumar,Finance,08:59 AM,2025-06-05,Absent
E0450,550,Sneha Patil,HR,08:54 AM,2025-06-04,Late
E0451,551,Anil Yadav,Finance,08:22 AM,2025-06-05,Present
E0452,552,Pooja Mehta,Admin,08:37 AM,2025-06-02,Present
E0453,553,Anil Yadav,Sales,08:04 AM,2025-06-04,Present
E0454,554,Ravi Kumar,Admin,08:45 AM,2025-06-03,Present
E0455,555,Sameer Khan,HR,08:09 AM,2025-06-05,Present
E0456,556,Divya Sinha,HR,08:33 AM,2025-06-01,Present
E0457,557,Divya Sinha,HR,08:25 AM,2025-06-05,Absent
E0458,558,Tanvi Kapoor,Marketing,08:21 AM,2025-06-02,Absent
E0459,559,Kavita Joshi,HR,08:48 AM,2025-06-04,Absent
E0460,560,Ravi Kumar,Sales,08:08 AM,2025-06-06,Late
E0461,561,Sneha Patil,IT,08:34 AM,2025-06-01,Late
E0462,562,Tanvi Kapoor,IT,08:57 AM,2025-06-06,Absent
E0463,563,Neha Singh,Sales,08:46 AM,2025-06-01,Absent
E0464,564,Amit Sharma,Marketing,08:17 AM,2025-06-05,Absent
E0465,565,Sameer Khan,Admin,08:41 AM,2025-06-01,Present
E0466,566,Priya Desai,IT,08:38 AM,2025-06-02,Late
E0467,567,Pooja Mehta,IT,09:05 AM,2025-06-01,Late
E0468,568,Anil Yadav,HR,08:55 AM,2025-06-02,Late
E0469,569,Neha Singh,HR,09:27 AM,2025-06-06,Present
E0470,570,Vikram Rana,Sales,08:42 AM,2025-06-05,Late
E0471,571,Anil Yadav,Admin,08:31 AM,2025-06-03,Present
E0472,572,Sneha Patil,IT,09:09 AM,2025-06-02,Present
E0473,573,Divya Sinha,Admin,08:08 AM,2025-06-06,Present
E0474,574,Sameer Khan,Sales,08:04 AM,2025-06-06,Absent
E0475,575,Neha Singh,Marketing,08:37 AM,2025-06-04,Late
E0476,576,Suresh Menon,HR,08:41 AM,2025-06-03,Late
E0477,577,Manoj Verma,Marketing,09:03 AM,2025-06-05,Absent
E0478,578,Sneha Patil,Admin,08:12 AM,2025-06-03,Present
E0479,579,Pooja Mehta,Sales,08:58 AM,2025-06-03,Absent
E0480,580,Pooja Mehta,Sales,08:59 AM,2025-06-01,Absent
E0481,581,Neha Singh,IT,09:07 AM,2025-06-04,Present
E0482,582,Priya Desai,Admin,09:02 AM,2025-06-05,Absent
E0483,583,Tanvi Kapoor,IT,08:34 AM,2025-06-03,Present
E0484,584,Suresh Menon,Finance,09:21 AM,2025-06-01,Absent
E0485,585,Amit Sharma,Admin,08:22 AM,2025-06-05,Late
E0486,586,Vikram Rana,HR,08:29 AM,2025-06-01,Absent
E0487,587,Rahul Jain,Sales,09:26 AM,2025-06-04,Present
E0488,588,Ravi Kumar,Admin,08:05 AM,2025-06-04,Present
E0489,589,Neha Singh,Sales,08:46 AM,2025-06-06,Absent
E0490,590,Pooja Mehta,Sales,09:20 AM,2025-06-06,Late
E0491,591,Manoj Verma,IT,09:30 AM,2025-06-01,Present
E0492,592,Manoj Verma,Admin,08:29 AM,2025-06-01,Absent
E0493,593,Sneha Patil,Admin,08:19 AM,2025-06-01,Present
E0494,594,Vikram Rana,Finance,08:08 AM,2025-06-05,Late
E0495,595,Priya Desai,Sales,08:26 AM,2025-06-02,Present
E0496,596,Priya Desai,Finance,08:33 AM,2025-06-05,Late
E0497,597,Sameer Khan,Finance,08:04 AM,2025-06-04,Absent
E0498,598,Suresh Menon,Admin,09:05 AM,2025-06-03,Absent
E0499,599,Priya Desai,IT,08:08 AM,2025-06-04,Late
E0500,600,Sneha Patil,HR,09:12 AM,2025-06-05,Present
E0501,601,Vikram Rana,Sales,08:20 AM,2025-06-06,Absent
E0502,602,Suresh Menon,Sales,09:23 AM,2025-06-01,Absent
E0503,603,Tanvi Kapoor,HR,09:17 AM,2025-06-04,Absent
E0504,604,Neha Singh,Finance,09:06 AM,2025-06-04,Absent
E0505,605,Anil Yadav,HR,09:05 AM,2025-06-02,Present
E0506,606,Priya Desai,Finance,08:40 AM,2025-06-05,Late
E0507,607,Divya Sinha,Finance,08:23 AM,2025-06-04,Present
E0508,608,Tanvi Kapoor,HR,08:34 AM,2025-06-03,Present
E0509,609,Kavita Joshi,IT,09:23 AM,2025-06-01,Absent
E0510,610,Divya Sinha,Admin,08:15 AM,2025-06-02,Present
E0511,611,Priya Desai,Marketing,09:16 AM,2025-06-03,Present
E0512,612,Sneha Patil,Finance,08:07 AM,2025-06-06,Present
E0513,613,Rahul Jain,Sales,09:29 AM,2025-06-05,Late
E0514,614,Ravi Kumar,Marketing,09:01 AM,2025-06-02,Absent
E0515,615,Sameer Khan,Admin,08:03 AM,2025-06-06,Present
E0516,616,Amit Sharma,HR,09:03 AM,2025-06-01,Present
E0517,617,Pooja Mehta,IT,09:00 AM,2025-06-04,Absent
E0518,618,Rahul Jain,IT,09:27 AM,2025-06-04,Present
E0519,619,Anil Yadav,Sales,09:25 AM,2025-06-01,Late
E0520,620,Manoj Verma,Marketing,08:31 AM,2025-06-06,Present
E0521,621,Kavita Joshi,Admin,08:32 AM,2025-06-04,Absent
E0522,622,Neha Singh,IT,09:04 AM,2025-06-03,Present
E0523,623,Manoj Verma,Finance,08:09 AM,2025-06-05,Absent
E0524,624,Ravi Kumar,Sales,09:06 AM,2025-06-05,Absent
E0525,625,Tanvi Kapoor,Sales,09:18 AM,2025-06-03,Absent
E0526,626,Tanvi Kapoor,Finance,08:42 AM,2025-06-04,Late
E0527,627,Vikram Rana,Finance,08:55 AM,2025-06-05,Absent
E0528,628,Ravi Kumar,HR,09:10 AM,2025-06-01,Absent
E0529,629,Priya Desai,Admin,08:00 AM,2025-06-04,Late
E0530,630,Rahul Jain,HR,09:13 AM,2025-06-04,Present
E0531,631,Sameer Khan,IT,08:34 AM,2025-06-04,Late
E0532,632,Rahul Jain,Sales,08:45 AM,2025-06-01,Late
E0533,633,Ravi Kumar,IT,09:29 AM,2025-06-03,Late
E0534,634,Sameer Khan,HR,08:08 AM,2025-06-06,Present
E0535,635,Ravi Kumar,Finance,08:47 AM,2025-06-06,Present
E0536,636,Rahul Jain,Sales,09:23 AM,2025-06-06,Present
E0537,637,Kavita Joshi,HR,08:36 AM,2025-06-02,Present
E0538,638,Divya Sinha,Finance,09:19 AM,2025-06-01,Late
E0539,639,Sameer Khan,Admin,09:06 AM,2025-06-05,Present
E0540,640,Rahul Jain,Marketing,08:14 AM,2025-06-06,Late
E0541,641,Vikram Rana,IT,08:17 AM,2025-06-04,Absent
E0542,642,Kavita Joshi,IT,08:12 AM,2025-06-01,Present
E0543,643,Suresh Menon,Finance,09:06 AM,2025-06-02,Late
E0544,644,Ravi Kumar,Marketing,09:08 AM,2025-06-04,Present
E0545,645,Divya Sinha,Finance,09:20 AM,2025-06-02,Late
E0546,646,Ravi Kumar,Finance,08:30 AM,2025-06-03,Late
E0547,647,Rahul Jain,Marketing,09:30 AM,2025-06-01,Present
E0548,648,Tanvi Kapoor,Admin,08:07 AM,2025-06-04,Present
E0549,649,Sameer Khan,IT,09:08 AM,2025-06-04,Absent
E0550,650,Suresh Menon,Sales,09:21 AM,2025-06-01,Absent
E0551,651,Sneha Patil,Marketing,09:10 AM,2025-06-05,Late
E0552,652,Sameer Khan,Finance,09:16 AM,2025-06-02,Absent
E0553,653,Rahul Jain,HR,08:36 AM,2025-06-02,Late
E0554,654,Rahul Jain,Admin,08:30 AM,2025-06-06,Late
E0555,655,Amit Sharma,HR,08:53 AM,2025-06-05,Late
E0556,656,Rahul Jain,HR,08:48 AM,2025-06-06,Absent
E0557,657,Manoj Verma,Admin,08:13 AM,2025-06-04,Present
E0558,658,Rahul Jain,Admin,08:22 AM,2025-06-03,Present
E0559,659,Suresh Menon,Sales,08:15 AM,2025-06-01,Late
E0560,660,Vikram Rana,HR,08:26 AM,2025-06-03,Present
E0561,661,Kavita Joshi,Marketing,09:13 AM,2025-06-06,Present
E0562,662,Amit Sharma,Sales,08:39 AM,2025-06-03,Absent
E0563,663,Divya Sinha,HR,08:26 AM,2025-06-06,Present
E0564,664,Neha Singh,Marketing,09:23 AM,2025-06-04,Late
E0565,665,Sneha Patil,Sales,08:24 AM,2025-06-04,Present
E0566,666,Rahul Jain,Admin,08:44 AM,2025-06-02,Present
E0567,667,Kavita Joshi,IT,09:21 AM,2025-06-02,Late
E0568,668,Ravi Kumar,Finance,08:44 AM,2025-06-02,Late
E0569,669,Anil Yadav,HR,08:18 AM,2025-06-03,Absent
E0570,670,Rahul Jain,HR,08:06 AM,2025-06-05,Absent
E0571,671,Neha Singh,HR,08:13 AM,2025-06-02,Late
E0572,672,Sameer Khan,HR,08:47 AM,2025-06-04,Absent
E0573,673,Priya Desai,Finance,08:27 AM,2025-06-03,Present
E0574,674,Tanvi Kapoor,Marketing,08:37 AM,2025-06-01,Present
E0575,675,Vikram Rana,Finance,08:25 AM,2025-06-06,Absent
E0576,676,Kavita Joshi,Admin,09:29 AM,2025-06-05,Late
E0577,677,Neha Singh,Sales,08:26 AM,2025-06-05,Late
E0578,678,Ravi Kumar,Marketing,08:03 AM,2025-06-06,Absent
E0579,679,Tanvi Kapoor,Sales,08:26 AM,2025-06-01,Present
E0580,680,Sneha Patil,Admin,09:20 AM,2025-06-02,Present
E0581,681,Ravi Kumar,HR,08:13 AM,2025-06-02,Late
E0582,682,Ravi Kumar,Admin,08:51 AM,2025-06-06,Late
E0583,683,Neha Singh,Sales,08:25 AM,2025-06-02,Late
E0584,684,Kavita Joshi,Marketing,08:41 AM,2025-06-04,Late
E0585,685,Suresh Menon,IT,08:21 AM,2025-06-05,Absent
E0586,686,Kavita Joshi,Finance,09:30 AM,2025-06-03,Late
E0587,687,Pooja Mehta,Sales,08:03 AM,2025-06-03,Late
E0588,688,Sameer Khan,Marketing,08:06 AM,2025-06-03,Absent
E0589,689,Kavita Joshi,IT,08:55 AM,2025-06-02,Late
E0590,690,Anil Yadav,IT,09:30 AM,2025-06-05,Late
E0591,691,Pooja Mehta,IT,09:20 AM,2025-06-06,Present
E0592,692,Amit Sharma,Sales,09:06 AM,2025-06-04,Late
E0593,693,Neha Singh,Admin,09:00 AM,2025-06-03,Late
E0594,694,Ravi Kumar,IT,08:49 AM,2025-06-01,Late
E0595,695,Sneha Patil,Finance,08:18 AM,2025-06-01,Absent
E0596,696,Anil Yadav,Sales,09:07 AM,2025-06-03,Present
E0597,697,Rahul Jain,Sales,09:25 AM,2025-06-01,Late
E0598,698,Ravi Kumar,IT,09:23 AM,2025-06-05,Late
E0599,699,Divya Sinha,IT,09:09 AM,2025-06-02,Absent
E0600,700,Sameer Khan,Marketing,08:18 AM,2025-06-04,Late
E0601,701,Amit Sharma,Admin,08:18 AM,2025-06-05,Present
E0602,702,Suresh Menon,HR,08:15 AM,2025-06-06,Late
E0603,703,Pooja Mehta,HR,08:50 AM,2025-06-06,Present
E0604,704,Sameer Khan,HR,08:52 AM,2025-06-06,Late
E0605,705,Anil Yadav,HR,09:09 AM,2025-06-04,Absent
E0606,706,Tanvi Kapoor,Finance,08:03 AM,2025-06-06,Late
E0607,707,Sameer Khan,Finance,09:18 AM,2025-06-04,Late
E0608,708,Anil Yadav,Sales,09:07 AM,2025-06-04,Absent
E0609,709,Rahul Jain,Admin,08:29 AM,2025-06-04,Absent
E0610,710,Sneha Patil,HR,09:22 AM,2025-06-01,Late
E0611,711,Rahul Jain,HR,08:46 AM,2025-06-06,Present
E0612,712,Vikram Rana,Finance,08:11 AM,2025-06-02,Present
E0613,713,Amit Sharma,Admin,09:06 AM,2025-06-04,Absent
E0614,714,Priya Desai,Marketing,08:18 AM,2025-06-05,Late
E0615,715,Manoj Verma,IT,09:26 AM,2025-06-03,Absent
E0616,716,Manoj Verma,Admin,09:06 AM,2025-06-01,Present
E0617,717,Sneha Patil,Admin,09:24 AM,2025-06-06,Present
E0618,718,Pooja Mehta,Sales,08:07 AM,2025-06-03,Absent
E0619,719,Ravi Kumar,Marketing,08:43 AM,2025-06-04,Late
E0620,720,Kavita Joshi,IT,08:52 AM,2025-06-01,Late
E0621,721,Tanvi Kapoor,Sales,08:37 AM,2025-06-04,Present
E0622,722,Tanvi Kapoor,Marketing,08:56 AM,2025-06-05,Present
E0623,723,Rahul Jain,IT,09:24 AM,2025-06-06,Absent
E0624,724,Manoj Verma,Admin,09:18 AM,2025-06-04,Absent
E0625,725,Neha Singh,IT,08:44 AM,2025-06-01,Absent
E0626,726,Vikram Rana,Finance,08:08 AM,2025-06-02,Late
E0627,727,Divya Sinha,Sales,09:01 AM,2025-06-01,Absent
E0628,728,Kavita Joshi,Admin,08:20 AM,2025-06-03,Present
E0629,729,Sameer Khan,Finance,08:23 AM,2025-06-04,Absent
E0630,730,Manoj Verma,Finance,08:22 AM,2025-06-05,Absent
E0631,731,Amit Sharma,Sales,09:18 AM,2025-06-01,Late
E0632,732,Kavita Joshi,Marketing,08:51 AM,2025-06-06,Absent
E0633,733,Divya Sinha,Sales,09:27 AM,2025-06-02,Absent
E0634,734,Sameer Khan,Finance,09:00 AM,2025-06-02,Present
E0635,735,Neha Singh,IT,08:27 AM,2025-06-04,Present
E0636,736,Sameer Khan,Marketing,08:21 AM,2025-06-03,Late
E0637,737,Priya Desai,Finance,09:00 AM,2025-06-05,Late
E0638,738,Tanvi Kapoor,Finance,08:07 AM,2025-06-06,Late
E0639,739,Suresh Menon,IT,09:05 AM,2025-06-04,Absent
E0640,740,Vikram Rana,Admin,08:40 AM,2025-06-04,Present
E0641,741,Neha Singh,Marketing,08:10 AM,2025-06-06,Present
E0642,742,Divya Sinha,HR,08:55 AM,2025-06-02,Absent
E0643,743,Priya Desai,HR,08:46 AM,2025-06-01,Absent
E0644,744,Sneha Patil,Finance,08:25 AM,2025-06-02,Late
E0645,745,Amit Sharma,Finance,08:19 AM,2025-06-02,Absent
E0646,746,Amit Sharma,Sales,08:23 AM,2025-06-01,Late
E0647,747,Vikram Rana,Marketing,09:28 AM,2025-06-04,Absent
E0648,748,Suresh Menon,Sales,08:15 AM,2025-06-06,Present
E0649,749,Manoj Verma,Marketing,08:43 AM,2025-06-02,Late
E0650,750,Neha Singh,HR,09:20 AM,2025-06-03,Present
E0651,751,Pooja Mehta,Finance,09:24 AM,2025-06-04,Present
E0652,752,Manoj Verma,Finance,08:48 AM,2025-06-02,Late
E0653,753,Divya Sinha,IT,08:33 AM,2025-06-06,Absent
E0654,754,Kavita Joshi,Marketing,09:20 AM,2025-06-04,Absent
E0655,755,Pooja Mehta,Marketing,08:01 AM,2025-06-01,Absent
E0656,756,Priya Desai,IT,09:28 AM,2025-06-02,Absent
E0657,757,Neha Singh,IT,09:23 AM,2025-06-04,Late
E0658,758,Sameer Khan,Sales,09:19 AM,2025-06-03,Late
E0659,759,Kavita Joshi,HR,08:36 AM,2025-06-04,Present
E0660,760,Kavita Joshi,IT,09:12 AM,2025-06-06,Late
E0661,761,Divya Sinha,Admin,09:02 AM,2025-06-05,Present
E0662,762,Divya Sinha,IT,08:26 AM,2025-06-01,Present
E0663,763,Manoj Verma,Marketing,09:05 AM,2025-06-06,Present
E0664,764,Kavita Joshi,Finance,08:30 AM,2025-06-01,Late
E0665,765,Anil Yadav,Sales,09:03 AM,2025-06-06,Present
E0666,766,Sameer Khan,Marketing,08:18 AM,2025-06-06,Absent
E0667,767,Amit Sharma,Marketing,09:26 AM,2025-06-05,Absent
E0668,768,Sameer Khan,Sales,08:33 AM,2025-06-04,Late
E0669,769,Pooja Mehta,IT,08:52 AM,2025-06-05,Late
E0670,770,Priya Desai,Finance,09:29 AM,2025-06-03,Absent
E0671,771,Neha Singh,IT,08:36 AM,2025-06-02,Present
E0672,772,Rahul Jain,HR,09:17 AM,2025-06-03,Present
E0673,773,Sneha Patil,HR,09:17 AM,2025-06-01,Absent
E0674,774,Priya Desai,Marketing,09:25 AM,2025-06-05,Absent
E0675,775,Tanvi Kapoor,Admin,09:22 AM,2025-06-01,Present
E0676,776,Rahul Jain,Marketing,08:19 AM,2025-06-06,Late
E0677,777,Vikram Rana,Marketing,08:21 AM,2025-06-01,Absent
E0678,778,Kavita Joshi,HR,09:29 AM,2025-06-02,Late
E0679,779,Suresh Menon,HR,09:09 AM,2025-06-03,Present
E0680,780,Kavita Joshi,IT,08:43 AM,2025-06-03,Absent
E0681,781,Vikram Rana,Admin,08:40 AM,2025-06-06,Absent
E0682,782,Vikram Rana,IT,08:16 AM,2025-06-01,Absent
E0683,783,Kavita Joshi,IT,08:24 AM,2025-06-05,Absent
E0684,784,Suresh Menon,Admin,08:57 AM,2025-06-03,Absent
E0685,785,Priya Desai,Marketing,09:14 AM,2025-06-04,Late
E0686,786,Priya Desai,Marketing,08:15 AM,2025-06-04,Present
E0687,787,Pooja Mehta,Admin,08:52 AM,2025-06-06,Late
E0688,788,Pooja Mehta,Admin,08:28 AM,2025-06-02,Absent
E0689,789,Suresh Menon,Sales,08:40 AM,2025-06-01,Present
E0690,790,Anil Yadav,Admin,09:16 AM,2025-06-01,Late
E0691,791,Sameer Khan,Sales,08:17 AM,2025-06-05,Late
E0692,792,Manoj Verma,Marketing,09:19 AM,2025-06-04,Present
E0693,793,Sneha Patil,IT,09:01 AM,2025-06-02,Late
E0694,794,Divya Sinha,Finance,08:56 AM,2025-06-05,Late
E0695,795,Vikram Rana,Sales,08:50 AM,2025-06-02,Late
E0696,796,Sneha Patil,IT,08:21 AM,2025-06-05,Absent
E0697,797,Kavita Joshi,Admin,09:05 AM,2025-06-03,Present
E0698,798,Manoj Verma,HR,08:54 AM,2025-06-06,Absent
E0699,799,Kavita Joshi,IT,08:13 AM,2025-06-03,Present
E0700,800,Anil Yadav,IT,08:51 AM,2025-06-01,Late
E0701,801,Suresh Menon,Finance,08:05 AM,2025-06-05,Late
E0702,802,Sneha Patil,Sales,08:56 AM,2025-06-05,Present
E0703,803,Sameer Khan,IT,09:23 AM,2025-06-03,Present
E0704,804,Sameer Khan,Finance,08:28 AM,2025-06-01,Absent
E0705,805,Pooja Mehta,Finance,08:11 AM,2025-06-03,Absent
E0706,806,Anil Yadav,HR,08:36 AM,2025-06-06,Present
E0707,807,Neha Singh,IT,09:17 AM,2025-06-05,Absent
E0708,808,Suresh Menon,HR,09:02 AM,2025-06-06,Present
E0709,809,Vikram Rana,IT,08:39 AM,2025-06-01,Late
E0710,810,Amit Sharma,Finance,09:29 AM,2025-06-02,Present
E0711,811,Vikram Rana,IT,09:03 AM,2025-06-06,Present
E0712,812,Manoj Verma,Finance,09:08 AM,2025-06-05,Absent
E0713,813,Kavita Joshi,Marketing,08:23 AM,2025-06-05,Absent
E0714,814,Suresh Menon,HR,08:22 AM,2025-06-05,Present
E0715,815,Suresh Menon,Sales,09:19 AM,2025-06-03,Present
E0716,816,Kavita Joshi,HR,08:40 AM,2025-06-05,Present
E0717,817,Vikram Rana,IT,08:29 AM,2025-06-04,Late
E0718,818,Kavita Joshi,Marketing,08:52 AM,2025-06-02,Absent
E0719,819,Priya Desai,Finance,09:04 AM,2025-06-04,Absent
E0720,820,Manoj Verma,Admin,08:49 AM,2025-06-02,Late
E0721,821,Divya Sinha,Marketing,08:26 AM,2025-06-06,Late
E0722,822,Sneha Patil,Admin,08:49 AM,2025-06-04,Late
E0723,823,Vikram Rana,Admin,08:02 AM,2025-06-03,Present
E0724,824,Tanvi Kapoor,IT,09:05 AM,2025-06-02,Present
E0725,825,Neha Singh,Finance,08:31 AM,2025-06-04,Present
E0726,826,Vikram Rana,Sales,09:10 AM,2025-06-02,Present
E0727,827,Neha Singh,IT,08:24 AM,2025-06-06,Present
E0728,828,Pooja Mehta,Sales,09:26 AM,2025-06-04,Present
E0729,829,Sameer Khan,Finance,08:20 AM,2025-06-04,Late
E0730,830,Manoj Verma,Marketing,09:23 AM,2025-06-03,Late
E0731,831,Manoj Verma,Marketing,09:16 AM,2025-06-02,Present
E0732,832,Amit Sharma,Admin,08:42 AM,2025-06-06,Present
E0733,833,Suresh Menon,Finance,08:01 AM,2025-06-06,Absent
E0734,834,Priya Desai,Marketing,09:04 AM,2025-06-05,Late
E0735,835,Priya Desai,HR,08:06 AM,2025-06-04,Absent
E0736,836,Pooja Mehta,Admin,08:29 AM,2025-06-01,Absent
E0737,837,Sneha Patil,HR,09:08 AM,2025-06-01,Late
E0738,838,Amit Sharma,IT,09:02 AM,2025-06-04,Absent
E0739,839,Manoj Verma,Finance,08:58 AM,2025-06-04,Present
E0740,840,Priya Desai,Admin,08:50 AM,2025-06-01,Late
E0741,841,Sneha Patil,Sales,09:07 AM,2025-06-02,Present
E0742,842,Priya Desai,HR,08:49 AM,2025-06-01,Absent
E0743,843,Rahul Jain,Marketing,09:04 AM,2025-06-04,Late
E0744,844,Neha Singh,Marketing,08:48 AM,2025-06-02,Absent
E0745,845,Neha Singh,Sales,08:29 AM,2025-06-04,Absent
E0746,846,Divya Sinha,Finance,08:25 AM,2025-06-02,Late
E0747,847,Amit Sharma,Marketing,09:24 AM,2025-06-05,Present
E0748,848,Priya Desai,Marketing,08:01 AM,2025-06-03,Present
E0749,849,Amit Sharma,Sales,09:16 AM,2025-06-02,Absent
E0750,850,Amit Sharma,Finance,09:08 AM,2025-06-06,Late
E0751,851,Sameer Khan,Finance,08:48 AM,2025-06-05,Late
E0752,852,Neha Singh,Marketing,08:23 AM,2025-06-01,Present
E0753,853,Pooja Mehta,Marketing,08:07 AM,2025-06-05,Absent
E0754,854,Manoj Verma,Marketing,09:30 AM,2025-06-02,Present
E0755,855,Ravi Kumar,Sales,08:58 AM,2025-06-04,Present
E0756,856,Tanvi Kapoor,Marketing,09:16 AM,2025-06-05,Absent
E0757,857,Kavita Joshi,Finance,09:08 AM,2025-06-04,Absent
E0758,858,Suresh Menon,Finance,09:21 AM,2025-06-03,Absent
E0759,859,Amit Sharma,IT,08:28 AM,2025-06-02,Late
E0760,860,Amit Sharma,Sales,08:00 AM,2025-06-02,Late
E0761,861,Neha Singh,HR,09:09 AM,2025-06-06,Absent
E0762,862,Anil Yadav,HR,08:35 AM,2025-06-03,Absent
E0763,863,Priya Desai,Admin,09:30 AM,2025-06-05,Late
E0764,864,Kavita Joshi,HR,08:37 AM,2025-06-05,Present
E0765,865,Ravi Kumar,Marketing,09:06 AM,2025-06-06,Late
E0766,866,Vikram Rana,IT,09:10 AM,2025-06-01,Absent
E0767,867,Amit Sharma,Sales,09:00 AM,2025-06-01,Absent
E0768,868,Amit Sharma,Sales,08:16 AM,2025-06-01,Present
E0769,869,Amit Sharma,Sales,08:06 AM,2025-06-05,Present
E0770,870,Anil Yadav,IT,08:34 AM,2025-06-06,Absent
E0771,871,Rahul Jain,IT,08:19 AM,2025-06-03,Absent
E0772,872,Vikram Rana,Admin,08:54 AM,2025-06-02,Present
E0773,873,Divya Sinha,HR,08:19 AM,2025-06-05,Absent
E0774,874,Priya Desai,IT,08:41 AM,2025-06-02,Present
E0775,875,Manoj Verma,Marketing,08:06 AM,2025-06-06,Present
E0776,876,Anil Yadav,Sales,09:05 AM,2025-06-05,Absent
E0777,877,Priya Desai,Finance,08:49 AM,2025-06-06,Late
E0778,878,Priya Desai,Admin,09:26 AM,2025-06-05,Present
E0779,879,Pooja Mehta,Admin,09:28 AM,2025-06-03,Absent
E0780,880,Sameer Khan,Admin,08:38 AM,2025-06-02,Present
E0781,881,Kavita Joshi,IT,08:04 AM,2025-06-06,Present
E0782,882,Priya Desai,Admin,09:18 AM,2025-06-03,Absent
E0783,883,Divya Sinha,Sales,08:23 AM,2025-06-03,Absent
E0784,884,Sameer Khan,Admin,08:51 AM,2025-06-04,Late
E0785,885,Manoj Verma,Sales,08:33 AM,2025-06-03,Present
E0786,886,Anil Yadav,Sales,09:21 AM,2025-06-04,Absent
E0787,887,Sneha Patil,Admin,09:07 AM,2025-06-04,Absent
E0788,888,Vikram Rana,IT,09:17 AM,2025-06-04,Late
E0789,889,Vikram Rana,Admin,08:02 AM,2025-06-02,Present
E0790,890,Rahul Jain,Marketing,08:51 AM,2025-06-05,Late
E0791,891,Vikram Rana,Marketing,08:28 AM,2025-06-02,Late
E0792,892,Anil Yadav,Sales,08:06 AM,2025-06-02,Late
E0793,893,Manoj Verma,HR,08:50 AM,2025-06-06,Late
E0794,894,Neha Singh,Marketing,08:39 AM,2025-06-01,Present
E0795,895,Suresh Menon,Finance,08:01 AM,2025-06-04,Present
E0796,896,Anil Yadav,HR,08:33 AM,2025-06-04,Late
E0797,897,Neha Singh,Marketing,09:21 AM,2025-06-05,Late
E0798,898,Tanvi Kapoor,Finance,08:46 AM,2025-06-03,Absent
E0799,899,Sneha Patil,Admin,09:07 AM,2025-06-03,Present
E0800,900,Manoj Verma,Marketing,08:10 AM,2025-06-06,Late
E0801,901,Vikram Rana,Marketing,08:51 AM,2025-06-06,Absent
E0802,902,Manoj Verma,Marketing,09:19 AM,2025-06-04,Present
E0803,903,Tanvi Kapoor,IT,08:22 AM,2025-06-03,Present
E0804,904,Kavita Joshi,Admin,08:33 AM,2025-06-01,Present
E0805,905,Kavita Joshi,Finance,08:09 AM,2025-06-03,Late
E0806,906,Manoj Verma,HR,09:17 AM,2025-06-06,Present
E0807,907,Sameer Khan,Marketing,09:13 AM,2025-06-06,Late
E0808,908,Ravi Kumar,IT,08:31 AM,2025-06-04,Absent
E0809,909,Sameer Khan,Sales,08:00 AM,2025-06-02,Late
E0810,910,Tanvi Kapoor,HR,08:58 AM,2025-06-01,Present
E0811,911,Pooja Mehta,Marketing,08:21 AM,2025-06-02,Late
E0812,912,Ravi Kumar,Marketing,09:26 AM,2025-06-03,Late
E0813,913,Sameer Khan,HR,08:39 AM,2025-06-06,Absent
E0814,914,Manoj Verma,Finance,08:54 AM,2025-06-06,Present
E0815,915,Kavita Joshi,Finance,08:09 AM,2025-06-01,Late
E0816,916,Kavita Joshi,Finance,08:25 AM,2025-06-06,Present
E0817,917,Priya Desai,Sales,08:42 AM,2025-06-05,Absent
E0818,918,Tanvi Kapoor,Sales,08:19 AM,2025-06-06,Late
E0819,919,Divya Sinha,Marketing,08:58 AM,2025-06-04,Present
E0820,920,Sneha Patil,Finance,08:47 AM,2025-06-01,Late
E0821,921,Pooja Mehta,Marketing,09:10 AM,2025-06-03,Present
E0822,922,Neha Singh,Finance,09:29 AM,2025-06-05,Late
E0823,923,Sneha Patil,Admin,08:02 AM,2025-06-01,Late
E0824,924,Tanvi Kapoor,Admin,09:24 AM,2025-06-01,Absent
E0825,925,Anil Yadav,IT,09:19 AM,2025-06-06,Present
E0826,926,Vikram Rana,Finance,09:12 AM,2025-06-01,Late
E0827,927,Suresh Menon,Admin,08:22 AM,2025-06-01,Absent
E0828,928,Pooja Mehta,Admin,08:19 AM,2025-06-01,Present
E0829,929,Neha Singh,Sales,08:50 AM,2025-06-05,Present
E0830,930,Neha Singh,Sales,08:14 AM,2025-06-03,Present
E0831,931,Anil Yadav,Sales,09:21 AM,2025-06-02,Present
E0832,932,Tanvi Kapoor,Sales,09:28 AM,2025-06-04,Present
E0833,933,Pooja Mehta,HR,08:00 AM,2025-06-05,Present
E0834,934,Ravi Kumar,Sales,08:16 AM,2025-06-04,Present
E0835,935,Priya Desai,Marketing,08:13 AM,2025-06-04,Late
E0836,936,Sneha Patil,Admin,08:33 AM,2025-06-02,Present
E0837,937,Pooja Mehta,HR,08:32 AM,2025-06-05,Present
E0838,938,Divya Sinha,IT,08:59 AM,2025-06-05,Late
E0839,939,Ravi Kumar,HR,08:22 AM,2025-06-03,Present
E0840,940,Manoj Verma,Admin,08:32 AM,2025-06-05,Absent
E0841,941,Sneha Patil,Sales,08:51 AM,2025-06-06,Absent
E0842,942,Kavita Joshi,IT,08:48 AM,2025-06-06,Late
E0843,943,Manoj Verma,Sales,08:18 AM,2025-06-01,Late
E0844,944,Sneha Patil,HR,09:21 AM,2025-06-02,Present
E0845,945,Neha Singh,Admin,08:20 AM,2025-06-01,Absent
E0846,946,Sneha Patil,HR,09:18 AM,2025-06-04,Present
E0847,947,Suresh Menon,Admin,08:31 AM,2025-06-04,Late
E0848,948,Rahul Jain,Sales,09:00 AM,2025-06-06,Absent
E0849,949,Sameer Khan,Sales,08:19 AM,2025-06-01,Late
E0850,950,Sneha Patil,Sales,08:15 AM,2025-06-06,Present
E0851,951,Priya Desai,IT,09:22 AM,2025-06-03,Present
E0852,952,Ravi Kumar,Marketing,08:40 AM,2025-06-03,Present
E0853,953,Kavita Joshi,HR,09:02 AM,2025-06-01,Late
E0854,954,Kavita Joshi,IT,09:20 AM,2025-06-06,Late
E0855,955,Sameer Khan,Admin,08:52 AM,2025-06-04,Absent
E0856,956,Neha Singh,IT,08:43 AM,2025-06-05,Absent
E0857,957,Tanvi Kapoor,IT,08:04 AM,2025-06-03,Absent
E0858,958,Priya Desai,HR,08:43 AM,2025-06-01,Late
E0859,959,Anil Yadav,Admin,09:04 AM,2025-06-01,Present
E0860,960,Kavita Joshi,HR,09:21 AM,2025-06-01,Late
E0861,961,Kavita Joshi,IT,08:47 AM,2025-06-01,Late
E0862,962,Suresh Menon,HR,08:12 AM,2025-06-04,Absent
E0863,963,Amit Sharma,Admin,09:14 AM,2025-06-03,Present
E0864,964,Amit Sharma,Finance,08:26 AM,2025-06-06,Late
E0865,965,Anil Yadav,IT,09:02 AM,2025-06-01,Absent
E0866,966,Suresh Menon,Finance,08:30 AM,2025-06-02,Present
E0867,967,Priya Desai,Sales,08:49 AM,2025-06-02,Present
E0868,968,Ravi Kumar,Finance,08:28 AM,2025-06-05,Present
E0869,969,Neha Singh,IT,09:15 AM,2025-06-04,Absent
E0870,970,Anil Yadav,Finance,09:10 AM,2025-06-03,Absent
E0871,971,Ravi Kumar,Admin,08:58 AM,2025-06-02,Absent
E0872,972,Vikram Rana,HR,08:32 AM,2025-06-05,Late
E0873,973,Suresh Menon,Sales,08:18 AM,2025-06-02,Absent
E0874,974,Sameer Khan,Sales,08:00 AM,2025-06-05,Late
E0875,975,Divya Sinha,IT,08:24 AM,2025-06-01,Present
E0876,976,Sneha Patil,Finance,09:27 AM,2025-06-04,Late
E0877,977,Ravi Kumar,HR,08:32 AM,2025-06-06,Absent
E0878,978,Amit Sharma,Marketing,08:31 AM,2025-06-02,Late
E0879,979,Rahul Jain,Finance,09:19 AM,2025-06-02,Present
E0880,980,Vikram Rana,IT,09:27 AM,2025-06-04,Late
E0881,981,Manoj Verma,Sales,08:11 AM,2025-06-01,Present
E0882,982,Sameer Khan,Sales,08:25 AM,2025-06-05,Absent
E0883,983,Anil Yadav,Admin,09:02 AM,2025-06-03,Present
E0884,984,Amit Sharma,Admin,08:44 AM,2025-06-02,Present
E0885,985,Priya Desai,Marketing,09:09 AM,2025-06-04,Absent
E0886,986,Neha Singh,Finance,08:33 AM,2025-06-05,Absent
E0887,987,Suresh Menon,Admin,08:50 AM,2025-06-03,Absent
E0888,988,Kavita Joshi,Finance,08:48 AM,2025-06-06,Present
E0889,989,Sameer Khan,Sales,08:56 AM,2025-06-04,Absent
E0890,990,Ravi Kumar,Admin,08:51 AM,2025-06-01,Present
E0891,991,Vikram Rana,Marketing,08:03 AM,2025-06-06,Late
E0892,992,Suresh Menon,Admin,08:07 AM,2025-06-04,Absent
E0893,993,Rahul Jain,HR,08:16 AM,2025-06-04,Absent
E0894,994,Pooja Mehta,Admin,08:41 AM,2025-06-04,Absent
E0895,995,Manoj Verma,Sales,08:13 AM,2025-06-05,Absent
E0896,996,Pooja Mehta,Admin,08:54 AM,2025-06-06,Present
E0897,997,Neha Singh,Marketing,09:19 AM,2025-06-04,Absent
E0898,998,Priya Desai,HR,09:24 AM,2025-06-01,Absent
E0899,999,Pooja Mehta,Marketing,09:24 AM,2025-06-02,Present
E0900,1000,Suresh Menon,Sales,09:07 AM,2025-06-01,Present
E0901,1001,Divya Sinha,HR,08:21 AM,2025-06-06,Late
E0902,1002,Suresh Menon,Finance,09:15 AM,2025-06-01,Late
E0903,1003,Amit Sharma,IT,08:30 AM,2025-06-03,Present
E0904,1004,Neha Singh,Finance,08:00 AM,2025-06-02,Late
E0905,1005,Vikram Rana,HR,09:29 AM,2025-06-02,Late
E0906,1006,Divya Sinha,Admin,08:52 AM,2025-06-02,Absent
E0907,1007,Anil Yadav,IT,08:54 AM,2025-06-05,Absent
E0908,1008,Kavita Joshi,HR,09:27 AM,2025-06-01,Late
E0909,1009,Vikram Rana,IT,08:17 AM,2025-06-03,Late
E0910,1010,Neha Singh,Marketing,09:26 AM,2025-06-02,Absent
E0911,1011,Anil Yadav,Finance,09:00 AM,2025-06-06,Present
E0912,1012,Ravi Kumar,Admin,08:58 AM,2025-06-03,Absent
E0913,1013,Pooja Mehta,IT,08:37 AM,2025-06-06,Present
E0914,1014,Suresh Menon,Admin,09:11 AM,2025-06-04,Late
E0915,1015,Divya Sinha,Admin,08:24 AM,2025-06-02,Late
E0916,1016,Kavita Joshi,HR,08:20 AM,2025-06-04,Absent
E0917,1017,Ravi Kumar,Sales,08:17 AM,2025-06-03,Absent
E0918,1018,Tanvi Kapoor,Admin,08:36 AM,2025-06-06,Absent
E0919,1019,Sneha Patil,Sales,09:19 AM,2025-06-04,Absent
E0920,1020,Sameer Khan,IT,08:16 AM,2025-06-05,Late
E0921,1021,Ravi Kumar,IT,09:05 AM,2025-06-03,Late
E0922,1022,Sameer Khan,Admin,09:23 AM,2025-06-05,Present
E0923,1023,Neha Singh,Admin,08:16 AM,2025-06-01,Present
E0924,1024,Sameer Khan,Sales,08:49 AM,2025-06-04,Late
E0925,1025,Rahul Jain,Admin,08:47 AM,2025-06-01,Present
E0926,1026,Suresh Menon,Finance,08:21 AM,2025-06-04,Present
E0927,1027,Suresh Menon,HR,08:07 AM,2025-06-04,Absent
E0928,1028,Vikram Rana,Admin,09:10 AM,2025-06-05,Late
E0929,1029,Manoj Verma,Finance,08:53 AM,2025-06-04,Late
E0930,1030,Priya Desai,IT,09:05 AM,2025-06-03,Late
E0931,1031,Manoj Verma,IT,08:45 AM,2025-06-04,Late
E0932,1032,Suresh Menon,Finance,09:30 AM,2025-06-06,Present
E0933,1033,Manoj Verma,Admin,08:56 AM,2025-06-06,Absent
E0934,1034,Priya Desai,Finance,08:59 AM,2025-06-04,Absent
E0935,1035,Pooja Mehta,IT,08:35 AM,2025-06-04,Absent
E0936,1036,Priya Desai,IT,09:00 AM,2025-06-03,Late
E0937,1037,Tanvi Kapoor,HR,09:12 AM,2025-06-03,Late
E0938,1038,Sameer Khan,Admin,08:43 AM,2025-06-02,Present
E0939,1039,Suresh Menon,Admin,08:40 AM,2025-06-05,Present
E0940,1040,Manoj Verma,Marketing,08:56 AM,2025-06-05,Absent
E0941,1041,Manoj Verma,Finance,09:18 AM,2025-06-06,Absent
E0942,1042,Priya Desai,Sales,08:49 AM,2025-06-02,Present
E0943,1043,Neha Singh,IT,08:10 AM,2025-06-02,Present
E0944,1044,Sneha Patil,HR,08:30 AM,2025-06-05,Late
E0945,1045,Suresh Menon,Finance,08:20 AM,2025-06-01,Absent
E0946,1046,Manoj Verma,Marketing,08:31 AM,2025-06-02,Late
E0947,1047,Pooja Mehta,Finance,08:34 AM,2025-06-03,Present
E0948,1048,Suresh Menon,Finance,09:27 AM,2025-06-01,Late
E0949,1049,Neha Singh,HR,08:25 AM,2025-06-02,Absent
E0950,1050,Suresh Menon,Marketing,08:53 AM,2025-06-01,Absent
E0951,1051,Suresh Menon,Admin,09:14 AM,2025-06-05,Present
E0952,1052,Sneha Patil,HR,08:50 AM,2025-06-03,Absent
E0953,1053,Vikram Rana,Finance,08:51 AM,2025-06-04,Late
E0954,1054,Priya Desai,Admin,09:14 AM,2025-06-01,Present
E0955,1055,Sneha Patil,HR,09:04 AM,2025-06-02,Late
E0956,1056,Pooja Mehta,Admin,09:10 AM,2025-06-04,Late
E0957,1057,Kavita Joshi,Admin,09:01 AM,2025-06-04,Absent
E0958,1058,Amit Sharma,Admin,09:08 AM,2025-06-05,Late
E0959,1059,Ravi Kumar,Finance,08:27 AM,2025-06-05,Absent
E0960,1060,Rahul Jain,Admin,08:34 AM,2025-06-03,Absent
E0961,1061,Sameer Khan,Sales,08:51 AM,2025-06-05,Absent
E0962,1062,Anil Yadav,Sales,08:47 AM,2025-06-03,Absent
E0963,1063,Sneha Patil,Admin,08:42 AM,2025-06-06,Late
E0964,1064,Amit Sharma,Finance,08:12 AM,2025-06-01,Present
E0965,1065,Divya Sinha,IT,09:28 AM,2025-06-05,Absent
E0966,1066,Manoj Verma,Finance,09:17 AM,2025-06-02,Late
E0967,1067,Manoj Verma,IT,09:23 AM,2025-06-02,Absent
E0968,1068,Vikram Rana,HR,09:10 AM,2025-06-04,Late
E0969,1069,Manoj Verma,HR,08:27 AM,2025-06-01,Late
E0970,1070,Divya Sinha,Finance,08:27 AM,2025-06-05,Present
E0971,1071,Rahul Jain,IT,09:05 AM,2025-06-01,Present
E0972,1072,Anil Yadav,Admin,08:45 AM,2025-06-02,Present
E0973,1073,Divya Sinha,Admin,09:17 AM,2025-06-04,Late
E0974,1074,Ravi Kumar,HR,08:56 AM,2025-06-05,Present
E0975,1075,Neha Singh,IT,08:01 AM,2025-06-02,Absent
E0976,1076,Sameer Khan,IT,09:00 AM,2025-06-04,Absent
E0977,1077,Rahul Jain,Marketing,09:09 AM,2025-06-03,Absent
E0978,1078,Amit Sharma,Finance,08:22 AM,2025-06-01,Present
E0979,1079,Sameer Khan,Finance,09:26 AM,2025-06-03,Late
E0980,1080,Neha Singh,Sales,08:32 AM,2025-06-04,Present
E0981,1081,Anil Yadav,Marketing,08:09 AM,2025-06-03,Present
E0982,1082,Pooja Mehta,Finance,08:59 AM,2025-06-04,Present
E0983,1083,Anil Yadav,IT,08:32 AM,2025-06-05,Present
E0984,1084,Manoj Verma,Sales,08:16 AM,2025-06-04,Late
E0985,1085,Divya Sinha,IT,08:31 AM,2025-06-06,Present
E0986,1086,Kavita Joshi,Sales,08:49 AM,2025-06-01,Absent
E0987,1087,Vikram Rana,HR,09:02 AM,2025-06-01,Present
E0988,1088,Divya Sinha,Admin,09:19 AM,2025-06-04,Late
E0989,1089,Priya Desai,HR,08:43 AM,2025-06-04,Absent
E0990,1090,Kavita Joshi,Marketing,08:57 AM,2025-06-03,Present
E0991,1091,Anil Yadav,IT,09:05 AM,2025-06-01,Present
E0992,1092,Sameer Khan,Sales,08:52 AM,2025-06-06,Present
E0993,1093,Ravi Kumar,Finance,09:23 AM,2025-06-02,Absent
E0994,1094,Kavita Joshi,IT,08:56 AM,2025-06-05,Absent
E0995,1095,Neha Singh,IT,08:57 AM,2025-06-02,Present
E0996,1096,Priya Desai,Admin,08:26 AM,2025-06-01,Present
E0997,1097,Pooja Mehta,HR,08:31 AM,2025-06-03,Absent
E0998,1098,Ravi Kumar,HR,08:28 AM,2025-06-06,Present
E0999,1099,Ravi Kumar,HR,08:14 AM,2025-06-02,Late
E1000,1100,Amit Sharma,Admin,08:20 AM,2025-06-03,Absent
